pdf_x_pt,pdf_y_pt,fraction_1,cloud_point_f,normalized_F_using_measured_endpoints
106.109428,411.40744,-3.7e-07,4.578826,-0.02431793
107.159386,411.707367,0.00315279,4.479755,-0.02257064
108.28434,411.932312,0.00653117,4.405452,-0.02126017
109.409294,412.232239,0.00990954,4.306381,-0.01951289
110.534264,412.532166,0.01328797,4.207309,-0.0177656
111.659218,412.757111,0.01666635,4.133006,-0.01645513
112.784172,413.057037,0.02004473,4.033935,-0.01470785
113.834122,413.356964,0.02319786,3.934864,-0.01296056
114.959091,413.581909,0.02657628,3.86056,-0.01165009
116.084045,413.881836,0.02995466,3.761489,-0.00990281
117.209,414.181763,0.03333304,3.662418,-0.00815552
118.333954,414.481689,0.03671142,3.563347,-0.00640823
119.458923,414.706635,0.04008984,3.489043,-0.00509777
120.583878,415.006561,0.04346822,3.389972,-0.00335048
121.633835,415.306488,0.04662138,3.290901,-0.00160319
122.758789,415.531433,0.04999976,3.216598,-0.00029273
123.883759,415.83136,0.05337818,3.117526,0.00145456
125.008713,416.131287,0.05675656,3.018455,0.00320185
126.133659,416.431213,0.06013492,2.919384,0.00494914
127.258614,416.73114,0.06351329,2.820313,0.00669642
128.383575,416.956085,0.0668917,2.746009,0.00800689
129.433548,417.256012,0.0700449,2.646938,0.00975418
130.558502,417.555939,0.07342327,2.547867,0.01150146
131.683456,417.855865,0.07680165,2.448796,0.01324875
132.808411,418.155792,0.08018003,2.349725,0.01499604
133.933365,418.380737,0.08355841,2.275421,0.0163065
135.058319,418.680664,0.08693679,2.17635,0.01805379
136.183273,418.980591,0.09031517,2.077279,0.01980108
137.233246,419.280518,0.09346837,1.978208,0.02154837
138.3582,419.580444,0.09684675,1.879136,0.02329565
139.483154,419.880371,0.10022513,1.780065,0.02504294
140.608109,420.180298,0.10360351,1.680994,0.02679023
141.733078,420.405243,0.10698193,1.606691,0.02810069
142.858032,420.70517,0.11036031,1.507619,0.02984798
143.90799,421.005096,0.11351346,1.408548,0.03159527
145.032944,421.305023,0.11689184,1.309477,0.03334256
146.157913,421.60495,0.12027027,1.210406,0.03508984
147.282867,421.904877,0.12364865,1.111335,0.03683713
148.407822,422.204803,0.12702702,1.012263,0.03858442
149.532776,422.429749,0.1304054,0.93796,0.03989488
150.657745,422.729675,0.13378383,0.838889,0.04164217
151.707703,423.029602,0.13693698,0.739818,0.04338946
152.832657,423.329529,0.14031536,0.640747,0.04513675
153.957611,423.629456,0.14369374,0.541675,0.04688403
155.082581,423.929382,0.14707216,0.442604,0.04863132
156.207535,424.229309,0.15045054,0.343533,0.05037861
157.332489,424.529236,0.15382892,0.244462,0.0521259
158.457428,424.754181,0.15720726,0.170158,0.05343636
159.507401,425.054108,0.16036045,0.071087,0.05518365
160.632355,425.354034,0.16373883,-0.027984,0.05693094
161.757309,425.653961,0.16711721,-0.127055,0.05867822
162.882263,425.953888,0.17049559,-0.226126,0.06042551
164.007233,426.253815,0.17387402,-0.325198,0.0621728
165.132187,426.553741,0.1772524,-0.424269,0.06392008
166.257141,426.853668,0.18063077,-0.52334,0.06566737
167.307098,427.078613,0.18378393,-0.597643,0.06697784
168.432068,427.37854,0.18716235,-0.696715,0.06872513
169.557022,427.678467,0.19054073,-0.795786,0.07047241
170.681976,427.978394,0.19391911,-0.894857,0.0722197
171.806931,428.27832,0.19729749,-0.993928,0.07396699
172.9319,428.578247,0.20067591,-1.092999,0.07571427
173.981857,428.878174,0.20382907,-1.192071,0.07746156
175.106812,429.178101,0.20720745,-1.291142,0.07920885
176.231766,429.478027,0.21058583,-1.390213,0.08095614
177.356735,429.702972,0.21396425,-1.464516,0.0822666
178.481689,430.002899,0.21734263,-1.563588,0.08401389
179.606644,430.302826,0.22072101,-1.662659,0.08576118
180.731598,430.602753,0.22409939,-1.76173,0.08750846
181.78157,430.902679,0.22725259,-1.860801,0.08925575
182.906525,431.202606,0.23063097,-1.959872,0.09100304
184.031464,431.502533,0.2340093,-2.058944,0.09275033
185.156418,431.80246,0.23738768,-2.158015,0.09449761
186.281387,432.102386,0.2407661,-2.257086,0.0962449
187.406342,432.327332,0.24414448,-2.331389,0.09755537
188.531296,432.627258,0.24752286,-2.43046,0.09930265
189.581253,432.927185,0.25067601,-2.529532,0.10104994
190.706223,433.227112,0.25405444,-2.628603,0.10279723
191.831177,433.527039,0.25743282,-2.727674,0.10454452
192.956131,433.826965,0.2608112,-2.826745,0.1062918
194.081085,434.126892,0.26418958,-2.925816,0.10803909
195.206055,434.426819,0.267568,-3.024888,0.10978638
196.331009,434.726746,0.27094638,-3.123959,0.11153367
197.380966,434.951691,0.27409953,-3.198262,0.11284413
198.50592,435.251617,0.27747791,-3.297333,0.11459142
199.63089,435.551544,0.28085634,-3.396405,0.11633871
200.755844,435.851471,0.28423472,-3.495476,0.11808599
201.880798,436.151398,0.28761309,-3.594547,0.11983328
203.005753,436.451324,0.29099147,-3.693618,0.12158057
204.055725,436.751251,0.29414467,-3.792689,0.12332786
205.180679,437.051178,0.29752305,-3.891761,0.12507514
206.305634,437.351105,0.30090143,-3.990832,0.12682243
207.430588,437.651031,0.30427981,-4.089903,0.12856972
208.555557,437.950958,0.30765823,-4.188974,0.130317
209.680496,438.250885,0.31103657,-4.288045,0.13206429
210.80545,438.550812,0.31441495,-4.387117,0.13381158
211.855408,438.775757,0.3175681,-4.46142,0.13512204
212.980377,439.075684,0.32094652,-4.560491,0.13686933
214.105331,439.37561,0.3243249,-4.659562,0.13861662
215.230286,439.675537,0.32770328,-4.758634,0.14036391
216.35524,439.975464,0.33108166,-4.857705,0.14211119
217.480209,440.275391,0.33446009,-4.956776,0.14385848
218.605164,440.575317,0.33783846,-5.055847,0.14560577
219.655121,440.875244,0.34099162,-5.154918,0.14735306
220.780075,441.175171,0.34437,-5.253989,0.14910034
221.905045,441.475098,0.34774842,-5.353061,0.15084763
223.029999,441.775024,0.3511268,-5.452132,0.15259492
224.154953,442.149933,0.35450518,-5.575971,0.15477903
225.279907,442.44986,0.35788356,-5.675042,0.15652632
226.404877,442.749786,0.36126198,-5.774113,0.1582736
227.454834,443.049713,0.36441514,-5.873184,0.16002089
228.579788,443.34964,0.36779352,-5.972256,0.16176818
229.704742,443.649567,0.3711719,-6.071327,0.16351546
230.829712,443.949493,0.37455032,-6.170398,0.16526275
231.954666,444.24942,0.3779287,-6.269469,0.16701004
233.07962,444.549347,0.38130708,-6.36854,0.16875733
234.129578,444.849274,0.38446023,-6.467612,0.17050461
235.254532,445.224182,0.38783861,-6.591451,0.17268872
236.379486,445.524109,0.39121699,-6.690522,0.17443601
237.50444,445.824036,0.39459537,-6.789593,0.1761833
238.629395,446.123962,0.39797375,-6.888664,0.17793059
239.754364,446.498871,0.40135217,-7.012503,0.18011469
240.879318,446.798798,0.40473055,-7.111574,0.18186198
241.929276,447.098724,0.4078837,-7.210646,0.18360927
243.05423,447.398651,0.41126208,-7.309717,0.18535656
244.179199,447.77356,0.41464051,-7.433556,0.18754067
245.304153,448.073486,0.41801889,-7.532627,0.18928795
246.429108,448.373413,0.42139727,-7.631698,0.19103524
247.554062,448.748322,0.42477564,-7.755537,0.19321935
248.679031,449.048248,0.42815407,-7.854608,0.19496664
249.728989,449.423157,0.43130722,-7.978447,0.19715075
250.853943,449.723083,0.4346856,-8.077519,0.19889803
251.978897,450.097992,0.43806398,-8.201358,0.20108214
253.103867,450.397919,0.44144241,-8.300429,0.20282943
254.228821,450.772827,0.44482078,-8.424268,0.20501354
255.353775,451.072754,0.44819916,-8.523339,0.20676083
256.478729,451.447662,0.45157754,-8.647178,0.20894494
257.528717,451.747589,0.45473079,-8.746249,0.21069222
258.653656,452.122498,0.45810912,-8.870088,0.21287633
259.778595,452.497406,0.46148745,-8.993927,0.21506044
260.903564,452.797333,0.46486588,-9.092998,0.21680773
262.028503,453.172241,0.46824421,-9.216837,0.21899184
263.153473,453.54715,0.47162264,-9.340676,0.22117595
264.20343,453.922058,0.47477579,-9.464515,0.22336006
265.328369,454.221985,0.47815412,-9.563586,0.22510734
266.453369,454.596893,0.48153264,-9.687425,0.22729145
267.578308,454.971802,0.48491097,-9.811264,0.22947556
268.703278,455.34671,0.4882894,-9.935103,0.23165967
269.828217,455.721619,0.49166773,-10.058942,0.23384378
270.953186,456.096527,0.49504616,-10.182781,0.23602789
272.003143,456.471436,0.49819931,-10.30662,0.238212
273.128082,456.846344,0.50157764,-10.430459,0.24039611
274.253021,457.221252,0.50495598,-10.554298,0.24258022
275.378021,457.596161,0.50833449,-10.678137,0.24476433
276.50296,457.971069,0.51171282,-10.801976,0.24694844
277.62793,458.420959,0.51509125,-10.950583,0.24956937
278.752869,458.795868,0.51846958,-11.074422,0.25175348
279.802856,459.170776,0.52162283,-11.198261,0.25393759
280.927795,459.620667,0.52500116,-11.346868,0.25655852
282.052734,459.995575,0.52837949,-11.470707,0.25874263
283.177704,460.445465,0.53175792,-11.619314,0.26136356
284.302643,460.820374,0.53513625,-11.743153,0.26354767
285.427612,461.270264,0.53851468,-11.891759,0.2661686
286.552551,461.645172,0.54189301,-12.015598,0.26835271
287.602539,462.095062,0.54504626,-12.164205,0.27097364
288.727509,462.544952,0.54842468,-12.312812,0.27359457
289.852448,462.919861,0.55180301,-12.436651,0.27577868
290.977417,463.369751,0.55518144,-12.585258,0.27839961
292.102356,463.819641,0.55855977,-12.733865,0.28102054
293.227325,464.269531,0.5619382,-12.882471,0.28364147
294.277283,464.719421,0.56509135,-13.031078,0.2862624
295.402222,465.169312,0.56846968,-13.179685,0.28888333
296.527191,465.619202,0.57184811,-13.328292,0.29150426
297.652161,466.069092,0.57522653,-13.476899,0.2941252
298.77713,466.518982,0.57860496,-13.625505,0.29674613
299.902069,467.043854,0.58198329,-13.79888,0.29980388
301.027008,467.493744,0.58536162,-13.947487,0.30242481
302.076996,467.943634,0.58851487,-14.096094,0.30504574
303.201935,468.468506,0.5918932,-14.269468,0.30810349
304.326874,468.918396,0.59527153,-14.418075,0.31072443
305.451843,469.443268,0.59864996,-14.591449,0.31378218
306.576813,469.96814,0.60202838,-14.764824,0.31683993
307.701782,470.41803,0.60540681,-14.913431,0.31946086
308.826721,470.942902,0.60878514,-15.086805,0.32251861
309.876709,471.467773,0.61193839,-15.26018,0.32557637
311.001678,471.992645,0.61531681,-15.433555,0.32863412
312.126617,472.517517,0.61869514,-15.606929,0.33169187
313.251587,473.042389,0.62207357,-15.780304,0.33474963
314.376526,473.567261,0.6254519,-15.953678,0.33780738
315.501495,474.167114,0.62883033,-16.151821,0.34130195
316.626434,474.691986,0.63220866,-16.325195,0.34435971
317.676422,475.216858,0.63536191,-16.49857,0.34741746
318.801361,475.816711,0.63874024,-16.696712,0.35091203
319.926331,476.341583,0.64211866,-16.870087,0.35396979
321.0513,476.941437,0.64549709,-17.068229,0.35746436
322.176239,477.54129,0.64887542,-17.266372,0.36095894
323.301208,478.141144,0.65225385,-17.464514,0.36445351
324.351166,478.666016,0.655407,-17.637889,0.36751126
325.476105,479.265869,0.65878533,-17.836031,0.37100584
326.601044,479.940704,0.66216367,-18.058941,0.37493724
327.726013,480.540558,0.66554209,-18.257084,0.37843181
328.850983,481.140411,0.66892052,-18.455226,0.38192639
329.975952,481.740265,0.67229894,-18.653368,0.38542096
331.100891,482.4151,0.67567727,-18.876279,0.38935236
332.150879,483.014954,0.67883052,-19.074421,0.39284693
333.275818,483.689789,0.68220885,-19.297331,0.39677833
334.400757,484.364624,0.68558718,-19.520241,0.40070972
335.525726,485.039459,0.68896561,-19.743152,0.40464112
336.650665,485.714294,0.69234394,-19.966062,0.40857252
337.775635,486.38913,0.69572237,-20.188972,0.41250391
338.900574,487.063965,0.6991007,-20.411882,0.41643531
339.950562,487.7388,0.70225395,-20.634792,0.42036671
341.0755,488.488617,0.70563228,-20.88247,0.42473493
342.20047,489.163452,0.7090107,-21.10538,0.42866632
343.325439,489.913269,0.71238913,-21.353058,0.43303454
344.450378,490.588104,0.71576746,-21.575969,0.43696594
345.575348,491.337921,0.71914589,-21.823647,0.44133416
346.700287,492.087738,0.72252422,-22.071325,0.44570237
347.750275,492.837555,0.72567746,-22.319003,0.45007059
348.875214,493.587372,0.7290558,-22.566681,0.45443881
350.000153,494.41217,0.73243413,-22.839126,0.45924385
351.125122,495.161987,0.73581256,-23.086804,0.46361207
352.250092,495.986786,0.73919098,-23.35925,0.46841711
353.375031,496.736603,0.74256931,-23.606928,0.47278533
354.425018,497.561401,0.74572256,-23.879374,0.47759037
355.549988,498.3862,0.74910098,-24.15182,0.48239541
356.674927,499.210999,0.75247932,-24.424265,0.48720045
357.799896,500.035797,0.75585774,-24.696711,0.49200549
358.924835,500.935577,0.75923607,-24.993925,0.49724735
360.049805,501.760376,0.7626145,-25.266371,0.50205239
361.174744,502.660156,0.76599283,-25.563584,0.50729425
362.224731,503.484955,0.76914608,-25.83603,0.51209929
363.34967,504.384735,0.77252441,-26.133244,0.51734116
364.47464,505.284515,0.77590284,-26.430457,0.52258302
365.599609,506.184296,0.77928126,-26.727671,0.52782488
366.724548,507.084076,0.78265959,-27.024884,0.53306674
367.849518,508.058838,0.78603802,-27.346866,0.53874543
368.974457,508.958618,0.78941635,-27.644079,0.54398729
370.024445,509.93338,0.7925696,-27.966061,0.54966597
371.149384,510.908142,0.79594793,-28.288042,0.55534466
372.274323,511.882904,0.79932626,-28.610023,0.56102334
373.399323,512.857666,0.80270478,-28.932005,0.56670202
374.524261,513.832458,0.80608311,-29.253996,0.57238089
375.6492,514.882141,0.80946145,-29.600725,0.57849604
376.77417,515.931946,0.81283987,-29.947495,0.5846119
377.824127,516.906677,0.81599302,-30.269466,0.5902904
378.949066,517.956421,0.81937136,-30.616215,0.59640591
380.074036,519.006165,0.82274978,-30.962964,0.60252141
381.198975,520.13092,0.82612811,-31.334491,0.60907392
382.323944,521.180603,0.82950654,-31.68122,0.61518907
383.448883,522.30542,0.83288487,-32.052768,0.62174193
384.498871,523.355103,0.83603812,-32.399497,0.62785708
385.62381,524.479858,0.83941645,-32.771024,0.63440959
386.748779,525.679565,0.84279488,-33.167308,0.64139874
387.873749,526.804321,0.8461733,-33.538835,0.64795124
388.998688,527.929016,0.84955163,-33.910342,0.65450339
390.123657,529.128662,0.85293006,-34.306607,0.66149219
391.248596,530.328369,0.85630839,-34.702892,0.66848134
392.298584,531.528076,0.85946164,-35.099176,0.67547048
393.423523,532.727783,0.86283997,-35.495461,0.68245963
394.548462,533.92749,0.8662183,-35.891746,0.68944878
395.673462,535.202209,0.86959682,-36.312809,0.69687493
396.798401,536.476929,0.87297515,-36.733871,0.70430108
397.92337,537.751648,0.87635358,-37.154934,0.71172723
399.048309,539.026306,0.87973191,-37.575976,0.71915302
400.098297,540.301025,0.88288516,-37.997039,0.72657917
401.223236,541.650635,0.88626349,-38.442839,0.73444161
402.348175,542.925354,0.88964182,-38.863902,0.74186776
403.473114,544.275024,0.89302015,-39.309722,0.74973055
404.598114,545.699707,0.89639867,-39.780321,0.75803035
405.723053,547.049316,0.899777,-40.226121,0.76589278
406.848022,548.398987,0.90315543,-40.671941,0.77375558
407.89798,549.823669,0.90630858,-41.142539,0.78205537
409.022949,551.248352,0.90968701,-41.613138,0.79035516
410.147919,552.672974,0.91306543,-42.083716,0.7986546
411.272858,554.172607,0.91644377,-42.579072,0.80739104
412.397827,555.59729,0.91982219,-43.04967,0.81569083
413.522766,557.096863,0.92320052,-43.545006,0.82442691
414.572754,558.596497,0.92635377,-44.040362,0.83316335
415.697693,560.171143,0.9297321,-44.560496,0.84233678
416.822632,561.670776,0.93311043,-45.055852,0.85107322
417.947632,563.245422,0.93648895,-45.575985,0.86024666
419.072571,564.820007,0.93986728,-46.096099,0.86941974
420.19754,566.394653,0.94324571,-46.616233,0.87859317
421.322479,567.969238,0.94662404,-47.136347,0.88776625
422.372467,569.618835,0.94977729,-47.681238,0.89737634
423.497406,571.268433,0.95315562,-48.22613,0.90698642
424.622345,572.91803,0.95653395,-48.771021,0.9165965
425.747314,574.642639,0.95991238,-49.340691,0.92664358
426.872284,576.292175,0.9632908,-49.885562,0.9362533
427.997223,578.016785,0.96666914,-50.455232,0.94630038
429.122192,579.741394,0.97004756,-51.024901,0.95634746
430.17215,581.540894,0.97320071,-51.619308,0.96683083
431.297089,583.265503,0.97657905,-52.188978,0.97687791
432.422058,585.065063,0.97995747,-52.783405,0.98736163
433.546997,586.864624,0.98333581,-53.377832,0.99784536
434.671967,588.739197,0.98671423,-53.997037,1.00876608
435.796906,590.538696,0.99009256,-54.591444,1.01924945
436.921875,592.413269,0.99347099,-55.210649,1.03017018
437.971832,594.287842,0.99662414,-55.829854,1.0410909
439.096771,596.237305,1.00000247,-56.473797,1.05244791
